loan_id,order_count,order_total_amount,order_mean_amount,order_max_amount,order_amt_household_utility,order_amt_insurance_payment,order_amt_loan_payment,order_amt_other_unknown
5314,1,8033.2,8033.2,8033.2,0.0,0.0,8033.2,0.0
5316,4,13152.0,3288.0,4610.0,4167.0,956.0,4610.0,3419.0
6863,4,10591.3,2647.825,7936.0,7936.0,66.0,2118.3,471.0
5325,2,9932.7,4966.35,6994.0,6994.0,0.0,2938.7,0.0
7240,3,14834.0,4944.666666666667,9499.0,756.0,0.0,4579.0,9499.0
6687,5,8796.8,1759.36,3659.8,1915.0,646.0,3659.8,2576.0
7284,3,7512.0,2504.0,4399.0,506.0,0.0,4399.0,2607.0
6111,1,7281.3,7281.3,7281.3,0.0,0.0,7281.3,0.0
7235,1,3216.7,3216.7,3216.7,0.0,0.0,3216.7,0.0
5997,1,4875.8,4875.8,4875.8,0.0,0.0,4875.8,0.0
7121,2,6871.0,3435.5,6262.0,6262.0,0.0,609.0,0.0
6077,1,3317.0,3317.0,3317.0,0.0,0.0,3317.0,0.0
6228,1,7741.8,7741.8,7741.8,0.0,0.0,7741.8,0.0
6356,1,2650.2,2650.2,2650.2,0.0,0.0,2650.2,0.0
5523,2,13331.2,6665.6,10723.0,10723.0,0.0,2608.2,0.0
6456,2,18499.2,9249.6,14581.0,14581.0,0.0,3918.2,0.0
7104,2,16742.8,8371.4,12414.0,12414.0,0.0,4328.8,0.0
6820,4,17612.0,4403.0,9115.0,4697.0,9115.0,3179.0,621.0
6876,3,11733.0,3911.0,7218.0,2239.0,0.0,7218.0,2276.0
7097,1,3151.3,3151.3,3151.3,0.0,0.0,3151.3,0.0
4959,2,10638.7,5319.35,7266.0,7266.0,0.0,3372.7,0.0
6499,2,10638.7,5319.35,7266.0,7266.0,0.0,3372.7,0.0
5479,1,2043.0,2043.0,2043.0,0.0,0.0,2043.0,0.0
5170,1,4219.5,4219.5,4219.5,0.0,0.0,4219.5,0.0
6721,3,5206.0,1735.3333333333333,3833.0,495.0,0.0,878.0,3833.0
7259,2,7740.5,3870.25,4736.0,4736.0,0.0,3004.5,0.0
5285,3,10124.0,3374.6666666666665,6578.0,2359.0,0.0,6578.0,1187.0
5189,2,7502.2,3751.1,4397.0,4397.0,0.0,3105.2,0.0
6650,3,16372.0,5457.333333333333,11567.0,695.0,0.0,4110.0,11567.0
7226,2,13010.0,6505.0,7517.0,7517.0,0.0,5493.0,0.0
6087,4,12927.2,3231.8,5791.0,5791.0,958.0,5011.2,1167.0
7262,2,8337.0,4168.5,5073.0,3264.0,0.0,5073.0,0.0
5519,2,11168.0,5584.0,7636.0,3532.0,0.0,7636.0,0.0
6577,1,2153.8,2153.8,2153.8,0.0,0.0,2153.8,0.0
6509,1,2306.8,2306.8,2306.8,0.0,0.0,2306.8,0.0
6520,2,14078.8,7039.4,10279.0,10279.0,0.0,3799.8,0.0
6699,2,4027.0,2013.5,3708.0,3708.0,0.0,319.0,0.0
6336,1,5900.0,5900.0,5900.0,0.0,0.0,5900.0,0.0
7055,1,2784.8,2784.8,2784.8,0.0,0.0,2784.8,0.0
6103,2,11243.3,5621.65,8754.0,8754.0,0.0,2489.3,0.0
6202,1,5432.3,5432.3,5432.3,0.0,0.0,5432.3,0.0
7066,1,5983.0,5983.0,5983.0,0.0,0.0,5983.0,0.0
6696,2,8525.0,4262.5,7041.0,7041.0,0.0,1484.0,0.0
6072,1,5388.5,5388.5,5388.5,0.0,0.0,5388.5,0.0
5130,1,2025.7,2025.7,2025.7,0.0,0.0,2025.7,0.0
5568,2,10449.0,5224.5,5907.0,5907.0,0.0,4542.0,0.0
6678,1,6695.0,6695.0,6695.0,0.0,0.0,6695.0,0.0
6998,3,20582.0,6860.666666666667,8136.0,6531.0,0.0,8136.0,5915.0
6580,1,4085.0,4085.0,4085.0,0.0,0.0,4085.0,0.0
6316,1,6408.8,6408.8,6408.8,0.0,0.0,6408.8,0.0
6512,3,4096.0,1365.3333333333333,2306.0,2306.0,0.0,1319.0,471.0
6407,1,1081.0,1081.0,1081.0,0.0,0.0,1081.0,0.0
5002,5,17342.0,3468.4,8734.0,6256.0,735.0,8734.0,1617.0
6647,1,4340.0,4340.0,4340.0,0.0,0.0,4340.0,0.0
7137,2,16449.0,8224.5,10134.0,10134.0,0.0,6315.0,0.0
6903,1,2172.0,2172.0,2172.0,0.0,0.0,2172.0,0.0
5918,1,8339.0,8339.0,8339.0,0.0,0.0,8339.0,0.0
6642,1,6469.7,6469.7,6469.7,0.0,0.0,6469.7,0.0
6210,1,1817.3,1817.3,1817.3,0.0,0.0,1817.3,0.0
6279,1,3639.5,3639.5,3639.5,0.0,0.0,3639.5,0.0
7249,1,1445.0,1445.0,1445.0,0.0,0.0,1445.0,0.0
6736,1,4806.5,4806.5,4806.5,0.0,0.0,4806.5,0.0
6112,4,18478.3,4619.575,8110.0,8110.0,1017.0,7281.3,2070.0
5319,3,14941.8,4980.599999999999,6745.0,4206.0,0.0,3990.8,6745.0
6596,1,3816.0,3816.0,3816.0,0.0,0.0,3816.0,0.0
5837,2,16081.5,8040.75,12006.0,12006.0,0.0,4075.5,0.0
5657,4,5148.0,1287.0,2704.0,489.0,1540.0,415.0,2704.0
5533,3,12266.0,4088.6666666666665,6892.0,6892.0,0.0,4641.0,733.0
6232,1,7685.0,7685.0,7685.0,0.0,0.0,7685.0,0.0
6888,3,16808.3,5602.766666666666,9493.0,9493.0,0.0,3298.3,4017.0
6066,1,7242.0,7242.0,7242.0,0.0,0.0,7242.0,0.0
5549,2,8130.0,4065.0,7289.0,7289.0,0.0,841.0,0.0
5060,3,12584.2,4194.733333333334,7497.0,7497.0,0.0,4201.2,886.0
6004,3,9483.2,3161.066666666667,5996.2,2687.0,0.0,5996.2,800.0
5126,1,4335.8,4335.8,4335.8,0.0,0.0,4335.8,0.0
7220,2,10959.0,5479.5,7312.0,7312.0,0.0,3647.0,0.0
6668,2,8260.0,4130.0,6184.0,6184.0,0.0,2076.0,0.0
5395,3,14527.8,4842.599999999999,8307.8,1085.0,0.0,8307.8,5135.0
6836,3,7083.0,2361.0,3155.0,1311.0,0.0,3155.0,2617.0
6064,5,7778.0,1555.6,5315.0,2.0,372.0,1219.0,6185.0
6919,2,6583.0,3291.5,3358.0,3225.0,0.0,3358.0,0.0
6841,1,3585.2,3585.2,3585.2,0.0,0.0,3585.2,0.0
6038,2,9746.7,4873.35,6738.7,3008.0,0.0,6738.7,0.0
6729,2,19935.3,9967.65,13711.0,13711.0,0.0,6224.3,0.0
7198,1,3813.7,3813.7,3813.7,0.0,0.0,3813.7,0.0
6686,1,6239.2,6239.2,6239.2,0.0,0.0,6239.2,0.0
5836,3,15089.0,5029.666666666667,9516.0,9516.0,0.0,3318.0,2255.0
7061,1,5079.0,5079.0,5079.0,0.0,0.0,5079.0,0.0
5595,4,16783.5,4195.875,9716.0,9716.0,41.0,6907.5,119.0
5723,2,11471.7,5735.85,9503.0,9503.0,0.0,1968.7,0.0
6120,1,4358.0,4358.0,4358.0,0.0,0.0,4358.0,0.0
6895,3,10880.5,3626.8333333333335,4654.0,4654.0,0.0,3491.5,2735.0
5882,2,12323.0,6161.5,7318.0,5005.0,0.0,7318.0,0.0
5754,5,8861.0,1772.2,3189.0,3114.0,3189.0,1921.0,637.0
6594,3,11584.8,3861.6,7903.8,2156.0,0.0,7903.8,1525.0
6738,3,15843.8,5281.266666666666,8894.0,555.0,0.0,6394.8,8894.0
6624,2,13223.0,6611.5,7268.0,7268.0,0.0,5955.0,0.0
6216,5,15565.3,3113.06,5885.3,3028.0,3684.0,5885.3,2968.0
6229,4,9460.0,2365.0,5015.0,2635.0,5015.0,489.0,1321.0
5887,1,5353.5,5353.5,5353.5,0.0,0.0,5353.5,0.0
6808,1,6330.2,6330.2,6330.2,0.0,0.0,6330.2,0.0
6297,1,1459.0,1459.0,1459.0,0.0,0.0,1459.0,0.0
5161,1,4090.8,4090.8,4090.8,0.0,0.0,4090.8,0.0
5390,2,13016.0,6508.0,7094.0,5922.0,0.0,7094.0,0.0
6150,3,13818.3,4606.099999999999,6918.3,6327.0,0.0,6918.3,573.0
6223,3,7485.0,2495.0,4235.0,1978.0,0.0,1272.0,4235.0
5032,3,8504.0,2834.6666666666665,3274.0,2653.0,0.0,2577.0,3274.0
6253,2,10337.0,5168.5,7847.0,7847.0,0.0,2490.0,0.0
6460,5,4250.0,850.0,2683.0,2683.0,115.0,1352.0,100.0
6645,1,3900.5,3900.5,3900.5,0.0,0.0,3900.5,0.0
5176,1,8022.8,8022.8,8022.8,0.0,0.0,8022.8,0.0
5269,1,4557.2,4557.2,4557.2,0.0,0.0,4557.2,0.0
5351,4,18957.3,4739.325,7001.0,7001.0,356.0,5700.3,5900.0
5861,1,2142.0,2142.0,2142.0,0.0,0.0,2142.0,0.0
5450,2,6940.2,3470.1,3612.0,3612.0,0.0,3328.2,0.0
7142,4,15830.0,3957.5,8049.0,2439.0,689.0,8049.0,4653.0
6306,1,3057.0,3057.0,3057.0,0.0,0.0,3057.0,0.0
6272,1,6643.7,6643.7,6643.7,0.0,0.0,6643.7,0.0
5044,2,6422.0,3211.0,4739.0,4739.0,0.0,1683.0,0.0
5576,1,2604.5,2604.5,2604.5,0.0,0.0,2604.5,0.0
7192,3,11449.5,3816.5,8042.0,186.0,0.0,3221.5,8042.0
5739,4,12081.0,3020.25,6365.0,2389.0,1500.0,6365.0,1827.0
6526,1,8013.0,8013.0,8013.0,0.0,0.0,8013.0,0.0
5624,1,3702.8,3702.8,3702.8,0.0,0.0,3702.8,0.0
6244,1,7518.0,7518.0,7518.0,0.0,0.0,7518.0,0.0
5131,2,6539.7,3269.85,4514.0,4514.0,0.0,2025.7,0.0
6960,3,17868.3,5956.099999999999,10597.0,10597.0,0.0,3184.3,4087.0
6358,1,2298.2,2298.2,2298.2,0.0,0.0,2298.2,0.0
5418,1,7248.8,7248.8,7248.8,0.0,0.0,7248.8,0.0
6598,4,15012.0,3753.0,8157.0,8157.0,137.0,5676.0,1042.0
5464,1,7984.3,7984.3,7984.3,0.0,0.0,7984.3,0.0
6591,5,6137.0,1227.4,1953.0,1953.0,1296.0,434.0,2454.0
5724,1,5269.0,5269.0,5269.0,0.0,0.0,5269.0,0.0
6315,1,3597.0,3597.0,3597.0,0.0,0.0,3597.0,0.0
5876,2,12412.0,6206.0,7802.0,7802.0,0.0,4610.0,0.0
6986,1,3160.7,3160.7,3160.7,0.0,0.0,3160.7,0.0
6294,3,7902.0,2634.0,5984.0,586.0,0.0,1332.0,5984.0
5132,2,13580.0,6790.0,8975.0,4605.0,0.0,8975.0,0.0
5877,3,11276.0,3758.6666666666665,4051.0,3716.0,0.0,4051.0,3509.0
6227,1,1177.0,1177.0,1177.0,0.0,0.0,1177.0,0.0
7241,1,7040.7,7040.7,7040.7,0.0,0.0,7040.7,0.0
6737,3,15848.0,5282.666666666667,7170.0,7170.0,0.0,3195.0,5483.0
7004,3,13911.0,4637.0,5887.0,5887.0,0.0,5526.0,2498.0
6169,1,1728.0,1728.0,1728.0,0.0,0.0,1728.0,0.0
5208,1,2077.0,2077.0,2077.0,0.0,0.0,2077.0,0.0
6694,1,5616.2,5616.2,5616.2,0.0,0.0,5616.2,0.0
5599,3,7454.0,2484.6666666666665,4714.0,1455.0,0.0,1285.0,4714.0
6546,2,7342.0,3671.0,6020.0,6020.0,0.0,1322.0,0.0
5414,2,8498.7,4249.35,4625.0,4625.0,0.0,3873.7,0.0
5453,2,8965.0,4482.5,4613.0,4613.0,0.0,4352.0,0.0
5740,2,4765.0,2382.5,3218.0,3218.0,0.0,1547.0,0.0
5804,4,8860.0,2215.0,5009.0,5009.0,321.0,3312.0,218.0
6745,2,10121.8,5060.9,8151.0,8151.0,0.0,1970.8,0.0
6950,2,8508.7,4254.35,4362.7,4146.0,0.0,4362.7,0.0
6996,1,5274.7,5274.7,5274.7,0.0,0.0,5274.7,0.0
5352,1,5700.3,5700.3,5700.3,0.0,0.0,5700.3,0.0
6151,1,3757.0,3757.0,3757.0,0.0,0.0,3757.0,0.0
5310,4,13070.0,3267.5,6893.0,853.0,1972.0,6893.0,3352.0
5045,1,7801.2,7801.2,7801.2,0.0,0.0,7801.2,0.0
6929,2,8152.0,4076.0,5119.0,5119.0,0.0,3033.0,0.0
5151,2,9091.0,4545.5,5940.0,5940.0,0.0,3151.0,0.0
5212,3,8602.0,2867.3333333333335,5450.0,1178.0,0.0,1974.0,5450.0
5138,4,6147.0,1536.75,2843.0,382.0,2843.0,1817.0,1105.0
5713,4,13649.5,3412.375,8742.0,1894.0,8742.0,2645.5,368.0
6704,3,13140.8,4380.266666666666,6950.8,1172.0,0.0,6950.8,5018.0
6474,2,6450.0,3225.0,5394.0,5394.0,0.0,1056.0,0.0
6676,3,5827.0,1942.3333333333333,3034.0,3034.0,0.0,1241.0,1552.0
6965,2,16534.5,8267.25,10721.0,10721.0,0.0,5813.5,0.0
6725,2,11205.0,5602.5,7370.0,3835.0,0.0,7370.0,0.0
7166,2,15563.0,7781.5,8260.0,7303.0,0.0,8260.0,0.0
7138,3,5910.0,1970.0,2960.0,2960.0,0.0,1000.0,1950.0
5970,1,9689.0,9689.0,9689.0,0.0,0.0,9689.0,0.0
6157,2,14638.3,7319.15,10530.0,10530.0,0.0,4108.3,0.0
6153,1,4760.0,4760.0,4760.0,0.0,0.0,4760.0,0.0
5693,2,5210.0,2605.0,3373.0,3373.0,0.0,1837.0,0.0
5922,2,10407.8,5203.9,8723.0,8723.0,0.0,1684.8,0.0
5959,3,9926.0,3308.6666666666665,4485.0,3580.0,0.0,4485.0,1861.0
5980,1,1783.2,1783.2,1783.2,0.0,0.0,1783.2,0.0
6764,1,708.0,708.0,708.0,0.0,0.0,708.0,0.0
5237,2,7819.0,3909.5,5930.0,5930.0,0.0,1889.0,0.0
6726,2,5834.0,2917.0,4403.0,4403.0,0.0,1431.0,0.0
6933,2,10733.8,5366.9,6803.0,6803.0,0.0,3930.8,0.0
5145,2,20740.0,10370.0,14291.0,14291.0,0.0,6449.0,0.0
7008,4,15812.5,3953.125,6953.0,1507.0,6953.0,3013.5,4339.0
7227,2,15714.0,7857.0,10472.0,10472.0,0.0,5242.0,0.0
6600,5,9564.0,1912.8,8400.0,8400.0,26.0,607.0,531.0
6712,4,12286.0,3071.5,4437.0,410.0,3344.0,4437.0,4095.0
7057,4,16611.0,4152.75,7082.0,2762.0,7082.0,6436.0,331.0
7176,3,21322.2,7107.400000000001,9317.0,4782.0,0.0,7223.2,9317.0
7304,2,17884.0,8942.0,10886.0,10886.0,0.0,6998.0,0.0
6362,1,3159.0,3159.0,3159.0,0.0,0.0,3159.0,0.0
5880,3,7343.0,2447.6666666666665,4015.0,1277.0,0.0,2051.0,4015.0
6535,4,7603.8,1900.95,3861.0,3861.0,49.0,3495.8,198.0
5449,2,8862.0,4431.0,4723.0,4723.0,0.0,4139.0,0.0
6342,3,7176.0,2392.0,3881.0,3881.0,0.0,1671.0,1624.0
5409,1,3034.0,3034.0,3034.0,0.0,0.0,3034.0,0.0
6955,1,5091.3,5091.3,5091.3,0.0,0.0,5091.3,0.0
6985,3,9447.7,3149.2333333333336,4967.0,4967.0,0.0,3160.7,1320.0
5125,3,5316.0,1772.0,2153.0,2153.0,0.0,1522.0,1641.0
5805,1,5746.0,5746.0,5746.0,0.0,0.0,5746.0,0.0
6185,3,9855.0,3285.0,7143.0,1413.0,0.0,1299.0,7143.0
7243,2,14467.8,7233.9,8436.0,8436.0,0.0,6031.8,0.0
6403,2,8644.5,4322.25,4585.0,4585.0,0.0,4059.5,0.0
6578,2,10549.0,5274.5,8217.0,8217.0,0.0,2332.0,0.0
5413,2,17259.7,8629.85,13386.0,13386.0,0.0,3873.7,0.0
6949,2,17748.7,8874.35,13386.0,13386.0,0.0,4362.7,0.0
6545,3,13321.8,4440.599999999999,5856.0,4268.0,0.0,3197.8,5856.0
6178,1,4845.0,4845.0,4845.0,0.0,0.0,4845.0,0.0
5160,2,10485.5,5242.75,7085.0,7085.0,0.0,3400.5,0.0
6785,2,5801.8,2900.9,3713.0,3713.0,0.0,2088.8,0.0
6540,1,6450.2,6450.2,6450.2,0.0,0.0,6450.2,0.0
6589,4,11843.8,2960.95,7903.8,1475.0,2197.0,7903.8,268.0
5900,1,2819.8,2819.8,2819.8,0.0,0.0,2819.8,0.0
5999,4,7575.0,1893.75,3938.0,3938.0,325.0,2059.0,1253.0
6043,2,4632.0,2316.0,4208.0,4208.0,0.0,424.0,0.0
5482,2,7734.0,3867.0,4982.0,4982.0,0.0,2752.0,0.0
7263,1,3744.7,3744.7,3744.7,0.0,0.0,3744.7,0.0
6013,1,3583.0,3583.0,3583.0,0.0,0.0,3583.0,0.0
5750,3,10371.7,3457.2333333333336,5270.7,643.0,0.0,5270.7,4458.0
6027,5,9207.8,1841.56,4206.0,4206.0,132.0,2568.8,2301.0
6303,4,17875.7,4468.925,7396.0,7320.0,7396.0,3016.7,143.0
7213,3,8888.0,2962.6666666666665,4408.0,1326.0,0.0,3154.0,4408.0
6659,2,7151.0,3575.5,6216.0,6216.0,0.0,935.0,0.0
6175,1,4845.0,4845.0,4845.0,0.0,0.0,4845.0,0.0
5610,3,5619.3,1873.1000000000001,2567.3,1468.0,0.0,2567.3,1584.0
5563,1,6336.0,6336.0,6336.0,0.0,0.0,6336.0,0.0
5989,2,10719.0,5359.5,5925.0,4794.0,0.0,5925.0,0.0
6698,3,11804.2,3934.7333333333336,5161.2,4104.0,0.0,5161.2,2539.0
5312,2,17627.0,8813.5,11994.0,11994.0,0.0,5633.0,0.0
7189,2,7088.5,3544.25,3867.0,3867.0,0.0,3221.5,0.0
6816,1,2088.0,2088.0,2088.0,0.0,0.0,2088.0,0.0
6137,2,15597.0,7798.5,11878.0,11878.0,0.0,3719.0,0.0
5128,1,4492.0,4492.0,4492.0,0.0,0.0,4492.0,0.0
5470,2,13741.3,6870.65,9554.0,9554.0,0.0,4187.3,0.0
5593,1,7718.7,7718.7,7718.7,0.0,0.0,7718.7,0.0
5350,2,19358.0,9679.0,14164.0,14164.0,0.0,5194.0,0.0
6063,1,6687.0,6687.0,6687.0,0.0,0.0,6687.0,0.0
6501,1,2523.2,2523.2,2523.2,0.0,0.0,2523.2,0.0
5452,4,6443.0,1610.75,5581.0,5581.0,4.0,824.0,34.0
4961,1,2523.2,2523.2,2523.2,0.0,0.0,2523.2,0.0
4973,3,13753.0,4584.333333333333,6915.0,6393.0,0.0,6915.0,445.0
6190,1,2060.0,2060.0,2060.0,0.0,0.0,2060.0,0.0
6715,3,12996.3,4332.099999999999,5812.0,5812.0,0.0,3677.3,3507.0
5892,1,2770.3,2770.3,2770.3,0.0,0.0,2770.3,0.0
6550,1,6678.7,6678.7,6678.7,0.0,0.0,6678.7,0.0
5706,2,7610.0,3805.0,4486.0,3124.0,0.0,4486.0,0.0
5148,1,4738.0,4738.0,4738.0,0.0,0.0,4738.0,0.0
6734,1,4806.5,4806.5,4806.5,0.0,0.0,4806.5,0.0
6109,4,10735.0,2683.75,6148.0,832.0,1435.0,6148.0,2320.0
6961,2,10076.0,5038.0,5183.0,5183.0,0.0,4893.0,0.0
6810,2,8424.0,4212.0,4541.0,4541.0,0.0,3883.0,0.0
5494,1,7500.0,7500.0,7500.0,0.0,0.0,7500.0,0.0
5311,5,7336.0,1467.2,4353.0,4353.0,49.0,501.0,2433.0
5445,5,8610.0,1722.0,3359.0,3359.0,1019.0,1930.0,2302.0
5301,2,13585.0,6792.5,9642.0,9642.0,0.0,3943.0,0.0
7034,1,529.0,529.0,529.0,0.0,0.0,529.0,0.0
6751,3,14545.2,4848.400000000001,8566.0,3598.0,0.0,2381.2,8566.0
6667,2,14799.8,7399.9,8305.0,8305.0,0.0,6494.8,0.0
6130,3,4442.0,1480.6666666666667,3114.0,3114.0,0.0,680.0,648.0
5429,2,6303.0,3151.5,5742.0,5742.0,0.0,561.0,0.0
5725,3,18285.0,6095.0,9268.0,3869.0,0.0,9268.0,5148.0
6019,4,5720.0,1430.0,2196.0,1820.0,2196.0,950.0,754.0
6421,2,15854.5,7927.25,13167.0,13167.0,0.0,2687.5,0.0
6992,4,15482.0,3870.5,9210.0,9210.0,2488.0,2791.0,993.0
5136,1,7795.5,7795.5,7795.5,0.0,0.0,7795.5,0.0
5337,2,8710.7,4355.35,4512.7,4198.0,0.0,4512.7,0.0
5495,2,6505.0,3252.5,5016.0,5016.0,0.0,1489.0,0.0
7013,2,6505.0,3252.5,5016.0,5016.0,0.0,1489.0,0.0
6012,1,7178.8,7178.8,7178.8,0.0,0.0,7178.8,0.0
6471,5,12765.0,2553.0,6485.0,3434.0,691.0,6485.0,2155.0
6296,2,18708.8,9354.4,13076.0,13076.0,0.0,5632.8,0.0
7305,3,9274.3,3091.433333333333,4518.0,4518.0,0.0,4502.3,254.0
6144,2,9746.8,4873.4,6049.0,6049.0,0.0,3697.8,0.0
6283,1,1784.5,1784.5,1784.5,0.0,0.0,1784.5,0.0
7246,2,13988.0,6994.0,11506.0,11506.0,0.0,2482.0,0.0
5088,1,3798.2,3798.2,3798.2,0.0,0.0,3798.2,0.0
5988,2,10187.2,5093.6,5902.2,4285.0,0.0,5902.2,0.0
5282,1,8094.2,8094.2,8094.2,0.0,0.0,8094.2,0.0
5938,3,10082.0,3360.6666666666665,6700.0,554.0,0.0,6700.0,2828.0
5606,1,7042.0,7042.0,7042.0,0.0,0.0,7042.0,0.0
5385,2,9249.0,4624.5,7264.0,7264.0,0.0,1985.0,0.0
6865,1,2454.5,2454.5,2454.5,0.0,0.0,2454.5,0.0
5586,2,4571.0,2285.5,3217.0,3217.0,0.0,1354.0,0.0
6302,1,3016.7,3016.7,3016.7,0.0,0.0,3016.7,0.0
7194,2,7347.0,3673.5,5435.0,5435.0,0.0,1912.0,0.0
6461,4,5921.0,1480.25,2235.0,1080.0,547.0,2059.0,2235.0
6732,1,3626.0,3626.0,3626.0,0.0,0.0,3626.0,0.0
6613,1,3505.0,3505.0,3505.0,0.0,0.0,3505.0,0.0
7036,1,5415.0,5415.0,5415.0,0.0,0.0,5415.0,0.0
5897,4,7843.0,1960.75,3195.0,3195.0,3103.0,633.0,912.0
6995,1,8013.7,8013.7,8013.7,0.0,0.0,8013.7,0.0
5415,1,3873.7,3873.7,3873.7,0.0,0.0,3873.7,0.0
7136,1,1511.0,1511.0,1511.0,0.0,0.0,1511.0,0.0
7271,2,16351.2,8175.6,9810.0,9810.0,0.0,6541.2,0.0
5375,2,11928.0,5964.0,8460.0,3468.0,0.0,8460.0,0.0
5635,1,2144.0,2144.0,2144.0,0.0,0.0,2144.0,0.0
6817,2,7742.0,3871.0,6270.0,6270.0,0.0,1472.0,0.0
5923,2,5412.0,2706.0,4065.0,4065.0,0.0,1347.0,0.0
5329,1,6601.7,6601.7,6601.7,0.0,0.0,6601.7,0.0
6644,4,8815.5,2203.875,3900.5,1074.0,3231.0,3900.5,610.0
6354,4,4243.0,1060.75,1753.0,1753.0,570.0,638.0,1282.0
5082,1,4382.7,4382.7,4382.7,0.0,0.0,4382.7,0.0
6585,1,6202.0,6202.0,6202.0,0.0,0.0,6202.0,0.0
6921,3,10425.5,3475.1666666666665,7182.5,107.0,0.0,7182.5,3136.0
5366,3,10425.5,3475.1666666666665,7182.5,107.0,0.0,7182.5,3136.0
5886,1,5353.5,5353.5,5353.5,0.0,0.0,5353.5,0.0
5741,5,9829.0,1965.8,3976.0,3976.0,913.0,2856.0,2084.0
4996,1,7370.2,7370.2,7370.2,0.0,0.0,7370.2,0.0
6015,2,13880.5,6940.25,9292.0,9292.0,0.0,4588.5,0.0
6309,2,9480.2,4740.1,4891.0,4891.0,0.0,4589.2,0.0
6073,2,8555.0,4277.5,4605.0,3950.0,0.0,4605.0,0.0
6006,2,10706.2,5353.1,5996.2,4710.0,0.0,5996.2,0.0
5611,2,20076.3,10038.15,14723.0,14723.0,0.0,5353.3,0.0
6944,2,10575.0,5287.5,9613.0,9613.0,0.0,962.0,0.0
7101,2,18673.0,9336.5,9902.0,9902.0,0.0,8771.0,0.0
6599,1,6010.2,6010.2,6010.2,0.0,0.0,6010.2,0.0
6940,1,6341.0,6341.0,6341.0,0.0,0.0,6341.0,0.0
5209,3,13935.2,4645.066666666667,10069.0,61.0,0.0,3805.2,10069.0
5388,4,19392.5,4848.125,10303.0,1737.0,2223.0,5129.5,10303.0
6011,2,8666.0,4333.0,4930.0,4930.0,0.0,3736.0,0.0
5591,1,3241.8,3241.8,3241.8,0.0,0.0,3241.8,0.0
7154,1,6959.8,6959.8,6959.8,0.0,0.0,6959.8,0.0
7130,5,20024.0,4004.8,7732.0,3020.0,2323.0,5142.0,9539.0
6818,3,6660.0,2220.0,3242.0,2587.0,0.0,3242.0,831.0
5625,1,3702.8,3702.8,3702.8,0.0,0.0,3702.8,0.0
6805,3,7713.0,2571.0,4719.0,4719.0,0.0,938.0,2056.0
7233,1,3216.7,3216.7,3216.7,0.0,0.0,3216.7,0.0
7308,5,10687.0,2137.4,5392.0,4780.0,330.0,5392.0,185.0
5895,3,10619.0,3539.6666666666665,5528.0,5528.0,0.0,1566.0,3525.0
7122,5,20064.0,4012.8,7240.0,4325.0,331.0,7240.0,8168.0
6173,5,9599.0,1919.8,4845.0,2692.0,281.0,4845.0,1781.0
6142,5,7239.8,1447.96,3697.8,323.0,345.0,3697.8,2874.0
5358,2,6325.0,3162.5,3210.0,3115.0,0.0,3210.0,0.0
6095,2,10330.0,5165.0,9191.0,9191.0,0.0,1139.0,0.0
6878,1,1932.0,1932.0,1932.0,0.0,0.0,1932.0,0.0
6554,2,17524.0,8762.0,9397.0,9397.0,0.0,8127.0,0.0
6793,3,11147.7,3715.9,6294.0,1749.0,0.0,3104.7,6294.0
7286,4,10558.3,2639.575,5808.0,5808.0,516.0,1870.3,2364.0
6076,3,10010.0,3336.6666666666665,7260.0,793.0,0.0,1957.0,7260.0
5134,2,13658.0,6829.0,9235.0,9235.0,0.0,4423.0,0.0
5419,1,6930.0,6930.0,6930.0,0.0,0.0,6930.0,0.0
6255,1,5165.2,5165.2,5165.2,0.0,0.0,5165.2,0.0
5656,4,17174.2,4293.55,10616.0,10616.0,414.0,6086.2,58.0
6934,2,14482.0,7241.0,9736.0,4746.0,0.0,9736.0,0.0
6028,5,14894.0,2978.8,5869.0,1863.0,1065.0,5292.0,6674.0
6490,3,9996.0,3332.0,6875.0,1900.0,0.0,1221.0,6875.0
6415,2,18471.0,9235.5,9910.0,8561.0,0.0,9910.0,0.0
7087,3,6120.0,2040.0,4122.0,152.0,0.0,1846.0,4122.0
5420,5,6667.0,1333.4,3021.0,592.0,659.0,3021.0,2395.0
5977,1,1232.0,1232.0,1232.0,0.0,0.0,1232.0,0.0
6824,1,2999.3,2999.3,2999.3,0.0,0.0,2999.3,0.0
5207,5,4233.0,846.6,2122.0,903.0,406.0,748.0,2176.0
7115,2,6258.0,3129.0,4410.0,4410.0,0.0,1848.0,0.0
7250,1,2482.0,2482.0,2482.0,0.0,0.0,2482.0,0.0
6010,3,11421.8,3807.2666666666664,8309.0,8309.0,0.0,2502.8,610.0
6088,2,6835.8,3417.9,4331.0,4331.0,0.0,2504.8,0.0
5682,1,5622.5,5622.5,5622.5,0.0,0.0,5622.5,0.0
7201,1,5622.5,5622.5,5622.5,0.0,0.0,5622.5,0.0
6938,1,5688.0,5688.0,5688.0,0.0,0.0,5688.0,0.0
6875,1,1735.0,1735.0,1735.0,0.0,0.0,1735.0,0.0
5953,1,4049.0,4049.0,4049.0,0.0,0.0,4049.0,0.0
5942,3,12919.0,4306.333333333333,5016.0,5016.0,0.0,3388.0,4515.0
5382,3,4396.0,1465.3333333333333,3118.0,3118.0,0.0,637.0,641.0
6377,4,5424.0,1356.0,3520.0,3520.0,423.0,1432.0,49.0
5931,1,2778.7,2778.7,2778.7,0.0,0.0,2778.7,0.0
5992,3,15676.3,5225.433333333333,6340.3,3300.0,0.0,6340.3,6036.0
5790,3,6058.0,2019.3333333333333,2808.0,1494.0,0.0,1756.0,2808.0
6753,1,5665.0,5665.0,5665.0,0.0,0.0,5665.0,0.0
6562,3,12797.3,4265.766666666666,7383.0,1477.0,0.0,3937.3,7383.0
7046,3,10526.0,3508.6666666666665,7636.0,1609.0,0.0,7636.0,1281.0
5868,1,7512.7,7512.7,7512.7,0.0,0.0,7512.7,0.0
5784,1,2349.5,2349.5,2349.5,0.0,0.0,2349.5,0.0
5878,5,14653.0,2930.6,6170.0,4601.0,77.0,6170.0,3805.0
5110,2,8062.0,4031.0,6358.0,6358.0,0.0,1704.0,0.0
5210,1,4114.7,4114.7,4114.7,0.0,0.0,4114.7,0.0
7230,1,312.0,312.0,312.0,0.0,0.0,312.0,0.0
5005,4,6985.3,1746.325,4564.0,4564.0,97.0,2288.3,36.0
6871,1,3421.5,3421.5,3421.5,0.0,0.0,3421.5,0.0
5363,1,4898.2,4898.2,4898.2,0.0,0.0,4898.2,0.0
7253,1,8191.5,8191.5,8191.5,0.0,0.0,8191.5,0.0
6055,1,6652.5,6652.5,6652.5,0.0,0.0,6652.5,0.0
5072,1,8200.2,8200.2,8200.2,0.0,0.0,8200.2,0.0
6913,3,10905.0,3635.0,4164.0,2758.0,0.0,4164.0,3983.0
6386,4,13770.0,3442.5,6965.0,2557.0,6965.0,3454.0,794.0
5634,3,16491.2,5497.066666666667,6828.0,6828.0,0.0,3252.2,6411.0
5758,1,5120.2,5120.2,5120.2,0.0,0.0,5120.2,0.0
6819,4,7106.0,1776.5,4228.0,4228.0,645.0,2088.0,145.0
7088,5,9740.7,1948.14,4260.0,456.0,986.0,3985.7,4313.0
5039,2,16476.0,8238.0,13691.0,13691.0,0.0,2785.0,0.0
5532,3,10093.3,3364.433333333333,6985.3,2882.0,0.0,6985.3,226.0
6037,3,4650.0,1550.0,3095.0,3095.0,0.0,1109.0,446.0
6322,1,3207.8,3207.8,3207.8,0.0,0.0,3207.8,0.0
6887,3,13234.3,4411.433333333333,9874.0,9874.0,0.0,3298.3,62.0
6660,2,11788.0,5894.0,6123.0,5665.0,0.0,6123.0,0.0
5451,3,9166.2,3055.4,5263.0,575.0,0.0,3328.2,5263.0
6014,3,17943.5,5981.166666666667,7028.0,7028.0,0.0,4588.5,6327.0
5556,3,12571.0,4190.333333333333,4472.0,4040.0,0.0,4472.0,4059.0
6346,1,1671.0,1671.0,1671.0,0.0,0.0,1671.0,0.0
5850,2,9358.0,4679.0,4797.0,4797.0,0.0,4561.0,0.0
5940,4,7489.0,1872.25,4456.0,2121.0,437.0,4456.0,475.0
7119,1,7240.0,7240.0,7240.0,0.0,0.0,7240.0,0.0
5253,2,10294.7,5147.35,8210.0,8210.0,0.0,2084.7,0.0
6851,3,16722.3,5574.099999999999,9519.0,9519.0,0.0,4537.3,2666.0
6695,2,14266.2,7133.1,9105.0,9105.0,0.0,5161.2,0.0
6908,2,18099.0,9049.5,10240.0,10240.0,0.0,7859.0,0.0
7255,2,10216.0,5108.0,6661.0,6661.0,0.0,3555.0,0.0
5674,1,4318.0,4318.0,4318.0,0.0,0.0,4318.0,0.0
6278,2,10913.5,5456.75,7274.0,7274.0,0.0,3639.5,0.0
5486,1,9721.0,9721.0,9721.0,0.0,0.0,9721.0,0.0
5174,2,18283.8,9141.9,10261.0,10261.0,0.0,8022.8,0.0
6621,3,15794.0,5264.666666666667,6164.0,6164.0,0.0,3575.0,6055.0
6313,1,4192.5,4192.5,4192.5,0.0,0.0,4192.5,0.0
6435,1,6015.3,6015.3,6015.3,0.0,0.0,6015.3,0.0
6970,2,9471.0,4735.5,8944.0,8944.0,0.0,527.0,0.0
6310,1,2881.0,2881.0,2881.0,0.0,0.0,2881.0,0.0
5932,1,2778.7,2778.7,2778.7,0.0,0.0,2778.7,0.0
6877,2,8348.7,4174.35,4753.7,3595.0,0.0,4753.7,0.0
6763,2,9196.3,4598.15,7357.0,7357.0,0.0,1839.3,0.0
7085,3,12524.3,4174.766666666666,6363.3,1281.0,0.0,6363.3,4880.0
7049,5,18246.7,3649.34,7601.0,90.0,2746.0,6483.7,8927.0
6959,1,2476.8,2476.8,2476.8,0.0,0.0,2476.8,0.0
5214,2,6239.3,3119.65,4162.0,4162.0,0.0,2077.3,0.0
6350,1,6133.0,6133.0,6133.0,0.0,0.0,6133.0,0.0
5063,3,15129.0,5043.0,7455.0,5606.0,0.0,7455.0,2068.0
5041,4,9818.5,2454.625,6149.5,1057.0,416.0,6149.5,2196.0
5086,2,10836.7,5418.35,6454.0,6454.0,0.0,4382.7,0.0
6942,2,9846.0,4923.0,8319.0,8319.0,0.0,1527.0,0.0
5270,1,3981.0,3981.0,3981.0,0.0,0.0,3981.0,0.0
6705,3,15729.8,5243.266666666666,8039.0,740.0,0.0,6950.8,8039.0
7051,1,6483.7,6483.7,6483.7,0.0,0.0,6483.7,0.0
6758,4,9154.0,2288.5,6089.0,68.0,6089.0,2762.0,235.0
6249,2,13686.3,6843.15,10869.0,10869.0,0.0,2817.3,0.0
5808,4,4499.0,1124.75,1926.0,1926.0,1298.0,872.0,403.0
5377,3,12413.8,4137.933333333333,7699.8,1307.0,0.0,7699.8,3407.0
5446,2,12720.0,6360.0,10707.0,10707.0,0.0,2013.0,0.0
5856,1,4280.0,4280.0,4280.0,0.0,0.0,4280.0,0.0
4986,5,12438.0,2487.6,8573.0,1436.0,3.0,8573.0,2426.0
7001,4,8259.5,2064.875,5010.5,1008.0,765.0,5010.5,1476.0
6677,3,7356.0,2452.0,3575.0,2148.0,0.0,1633.0,3575.0
6665,3,8107.0,2702.3333333333335,5958.0,5958.0,0.0,1655.0,494.0
5817,4,15595.2,3898.8,11105.0,11105.0,69.0,4200.2,221.0
6984,3,6956.0,2318.6666666666665,4764.0,258.0,0.0,1934.0,4764.0
6541,3,10074.8,3358.2666666666664,6649.0,6649.0,0.0,3197.8,228.0
5117,4,20301.0,5075.25,7122.0,726.0,6041.0,6412.0,7122.0
6097,3,18601.3,6200.433333333333,7962.0,6413.0,0.0,4226.3,7962.0
5389,2,15767.8,7883.9,12493.0,12493.0,0.0,3274.8,0.0
7219,3,5811.0,1937.0,2939.0,2939.0,0.0,1190.0,1682.0
6338,2,17265.7,8632.85,10755.0,10755.0,0.0,6510.7,0.0
6922,1,2322.7,2322.7,2322.7,0.0,0.0,2322.7,0.0
5367,1,2322.7,2322.7,2322.7,0.0,0.0,2322.7,0.0
5638,2,13874.0,6937.0,8197.0,8197.0,0.0,5677.0,0.0
5830,4,12006.0,3001.5,6763.0,2901.0,1242.0,6763.0,1100.0
5338,4,12032.0,3008.0,4780.0,510.0,3269.0,4780.0,3473.0
6007,1,6039.8,6039.8,6039.8,0.0,0.0,6039.8,0.0
6612,2,14443.2,7221.6,8116.2,6327.0,0.0,8116.2,0.0
5718,3,6265.0,2088.3333333333335,4877.0,4877.0,0.0,1169.0,219.0
6104,1,4393.8,4393.8,4393.8,0.0,0.0,4393.8,0.0
5229,3,10409.2,3469.7333333333336,5081.0,3368.0,0.0,1960.2,5081.0
6625,1,7887.7,7887.7,7887.7,0.0,0.0,7887.7,0.0
5206,5,14399.7,2879.94,5355.7,4910.0,422.0,5355.7,3712.0
5963,1,3413.0,3413.0,3413.0,0.0,0.0,3413.0,0.0
4990,3,7664.0,2554.6666666666665,4516.0,3050.0,0.0,4516.0,98.0
6641,1,3563.0,3563.0,3563.0,0.0,0.0,3563.0,0.0
5369,2,19589.0,9794.5,13628.0,13628.0,0.0,5961.0,0.0
6196,1,4939.0,4939.0,4939.0,0.0,0.0,4939.0,0.0
5236,1,8107.3,8107.3,8107.3,0.0,0.0,8107.3,0.0
5719,1,5658.0,5658.0,5658.0,0.0,0.0,5658.0,0.0
5643,1,7876.0,7876.0,7876.0,0.0,0.0,7876.0,0.0
7050,1,6483.7,6483.7,6483.7,0.0,0.0,6483.7,0.0
6355,3,15457.2,5152.400000000001,7303.0,7303.0,0.0,2650.2,5504.0
6688,3,8228.0,2742.6666666666665,5870.0,1999.0,0.0,359.0,5870.0
6239,1,7518.0,7518.0,7518.0,0.0,0.0,7518.0,0.0
5531,2,9637.0,4818.5,6869.0,6869.0,0.0,2768.0,0.0
6113,5,5793.0,1158.6,2186.0,685.0,624.0,2186.0,2298.0
7181,2,14911.8,7455.9,8241.8,6670.0,0.0,8241.8,0.0
6118,2,13621.3,6810.65,7279.3,6342.0,0.0,7279.3,0.0
7264,1,3744.7,3744.7,3744.7,0.0,0.0,3744.7,0.0
5343,3,9385.8,3128.6,7355.0,7355.0,0.0,1872.8,158.0
5051,5,13567.2,2713.44,8537.0,8537.0,2.0,3840.2,1188.0
5779,2,16410.5,8205.25,13428.0,13428.0,0.0,2982.5,0.0
6605,2,5957.0,2978.5,4304.0,4304.0,0.0,1653.0,0.0
6655,3,16221.0,5407.0,10965.0,916.0,0.0,4340.0,10965.0
6534,3,16919.0,5639.666666666667,9847.0,3683.0,0.0,9847.0,3389.0
5681,1,2860.7,2860.7,2860.7,0.0,0.0,2860.7,0.0
6607,3,11738.7,3912.9,4780.0,4780.0,0.0,4253.7,2705.0
6242,2,3883.0,1941.5,3155.0,3155.0,0.0,728.0,0.0
7242,2,5803.2,2901.6,3799.0,3799.0,0.0,2004.2,0.0
7277,3,17452.5,5817.5,9783.0,9783.0,0.0,7440.5,229.0
6675,3,18316.7,6105.566666666667,9538.0,9538.0,0.0,6630.7,2148.0
5398,1,4456.0,4456.0,4456.0,0.0,0.0,4456.0,0.0
5956,2,18136.2,9068.1,13462.0,13462.0,0.0,4674.2,0.0
5731,1,7683.2,7683.2,7683.2,0.0,0.0,7683.2,0.0
6956,1,2476.8,2476.8,2476.8,0.0,0.0,2476.8,0.0
6437,1,1776.7,1776.7,1776.7,0.0,0.0,1776.7,0.0
5447,5,14286.0,2857.2,9020.0,2036.0,485.0,9020.0,2745.0
5973,1,4572.0,4572.0,4572.0,0.0,0.0,4572.0,0.0
6075,1,5388.5,5388.5,5388.5,0.0,0.0,5388.5,0.0
5281,1,8094.2,8094.2,8094.2,0.0,0.0,8094.2,0.0
5103,4,8218.0,2054.5,3936.0,3936.0,955.0,1045.0,2282.0
6468,2,9509.0,4754.5,6110.0,6110.0,0.0,3399.0,0.0
7209,1,6426.3,6426.3,6426.3,0.0,0.0,6426.3,0.0
5584,3,5724.0,1908.0,3301.0,3301.0,0.0,1033.0,1390.0
4988,1,7370.2,7370.2,7370.2,0.0,0.0,7370.2,0.0
6502,4,10614.2,2653.55,6817.0,6817.0,164.0,2523.2,1110.0
5651,2,10853.0,5426.5,9249.0,9249.0,0.0,1604.0,0.0
4962,4,10614.2,2653.55,6817.0,6817.0,164.0,2523.2,1110.0
5862,2,10307.0,5153.5,6135.0,6135.0,0.0,4172.0,0.0
7199,4,17756.7,4439.175,10340.0,10340.0,2670.0,3813.7,933.0
6727,1,3570.0,3570.0,3570.0,0.0,0.0,3570.0,0.0
7279,2,18644.5,9322.25,12154.0,12154.0,0.0,6490.5,0.0
6544,5,8742.0,1748.4,2718.0,2302.0,1347.0,2718.0,2375.0
5933,1,3647.0,3647.0,3647.0,0.0,0.0,3647.0,0.0
6574,2,12313.8,6156.9,10160.0,10160.0,0.0,2153.8,0.0
6399,3,5935.0,1978.3333333333333,3738.0,3738.0,0.0,1370.0,827.0
7187,5,4058.0,811.6,2714.0,2714.0,85.0,403.0,856.0
6353,1,4853.8,4853.8,4853.8,0.0,0.0,4853.8,0.0
5043,3,11936.2,3978.7333333333336,7801.2,4087.0,0.0,7801.2,48.0
5469,1,4886.0,4886.0,4886.0,0.0,0.0,4886.0,0.0
5976,5,17025.0,3405.0,9698.0,1922.0,3142.0,9698.0,2263.0
6059,2,14557.5,7278.75,7905.0,7905.0,0.0,6652.5,0.0
5799,1,2948.0,2948.0,2948.0,0.0,0.0,2948.0,0.0
6147,1,3697.8,3697.8,3697.8,0.0,0.0,3697.8,0.0
6254,2,14688.2,7344.1,9523.0,9523.0,0.0,5165.2,0.0
7100,1,5802.3,5802.3,5802.3,0.0,0.0,5802.3,0.0
7147,1,5575.3,5575.3,5575.3,0.0,0.0,5575.3,0.0
5909,4,4166.0,1041.5,1607.0,1113.0,424.0,1022.0,1607.0
7037,3,16324.7,5441.566666666667,7678.0,7678.0,0.0,4542.7,4104.0
5782,1,5297.7,5297.7,5297.7,0.0,0.0,5297.7,0.0
6237,1,8499.0,8499.0,8499.0,0.0,0.0,8499.0,0.0
6552,2,13180.0,6590.0,9629.0,9629.0,0.0,3551.0,0.0
7067,2,15216.8,7608.4,9535.0,9535.0,0.0,5681.8,0.0
5320,4,14445.8,3611.45,8253.0,966.0,8253.0,3990.8,1236.0
5930,2,15038.7,7519.35,12260.0,12260.0,0.0,2778.7,0.0
6486,2,11671.7,5835.85,9136.0,9136.0,0.0,2535.7,0.0
5245,2,20109.7,10054.85,14882.0,14882.0,0.0,5227.7,0.0
6643,2,6709.0,3354.5,5215.0,5215.0,0.0,1494.0,0.0
5260,1,3425.2,3425.2,3425.2,0.0,0.0,3425.2,0.0
5569,2,12647.0,6323.5,8400.0,4247.0,0.0,8400.0,0.0
7110,2,9347.0,4673.5,6742.0,6742.0,0.0,2605.0,0.0
7139,2,5185.0,2592.5,3234.0,3234.0,0.0,1951.0,0.0
6791,5,17216.0,3443.2,9444.0,3912.0,1142.0,9444.0,2718.0
5360,5,14433.2,2886.6400000000003,8404.0,8404.0,121.0,4898.2,1010.0
5287,2,12425.0,6212.5,9749.0,9749.0,0.0,2676.0,0.0
6553,3,6934.0,2311.3333333333335,3532.0,3077.0,0.0,3532.0,325.0
7072,3,7913.0,2637.6666666666665,4205.0,4205.0,0.0,1842.0,1866.0
6044,4,9366.0,2341.5,4755.0,286.0,3913.0,4755.0,412.0
5332,1,1054.0,1054.0,1054.0,0.0,0.0,1054.0,0.0
6866,2,18564.0,9282.0,13461.0,13461.0,0.0,5103.0,0.0
6633,1,6694.2,6694.2,6694.2,0.0,0.0,6694.2,0.0
6926,4,17445.8,4361.45,7793.0,2789.0,7793.0,6245.8,618.0
6442,5,11885.0,2377.0,6359.0,6359.0,15.0,4045.0,1466.0
5889,1,5353.5,5353.5,5353.5,0.0,0.0,5353.5,0.0
5765,1,6413.7,6413.7,6413.7,0.0,0.0,6413.7,0.0
5124,2,11730.8,5865.4,7395.0,7395.0,0.0,4335.8,0.0
5491,4,12954.0,3238.5,8933.0,2637.0,713.0,8933.0,671.0
6730,1,7753.3,7753.3,7753.3,0.0,0.0,7753.3,0.0
7151,3,15011.3,5003.766666666666,8594.0,8594.0,0.0,5575.3,842.0
5140,4,7604.0,1901.0,2975.0,878.0,2211.0,2975.0,1540.0
7171,2,14444.0,7222.0,10356.0,10356.0,0.0,4088.0,0.0
6568,2,12091.7,6045.85,8418.0,8418.0,0.0,3673.7,0.0
6861,1,3583.7,3583.7,3583.7,0.0,0.0,3583.7,0.0
6855,2,6493.0,3246.5,5042.0,5042.0,0.0,1451.0,0.0
7129,5,7595.0,1519.0,3238.0,2171.0,100.0,3238.0,2086.0
5384,2,11712.0,5856.0,9768.0,9768.0,0.0,1944.0,0.0
6859,4,10919.3,2729.825,4950.0,4950.0,545.0,4537.3,887.0
5772,1,5577.3,5577.3,5577.3,0.0,0.0,5577.3,0.0
5665,5,6904.5,1380.9,3385.5,850.0,105.0,3385.5,2564.0
6495,2,8689.8,4344.9,4603.0,4603.0,0.0,4086.8,0.0
5061,2,7581.0,3790.5,5825.0,5825.0,0.0,1756.0,0.0
6948,2,11596.7,5798.35,7234.0,7234.0,0.0,4362.7,0.0
5773,1,5577.3,5577.3,5577.3,0.0,0.0,5577.3,0.0
6052,2,4882.0,2441.0,4261.0,4261.0,0.0,621.0,0.0
6682,1,3017.2,3017.2,3017.2,0.0,0.0,3017.2,0.0
6083,1,5011.2,5011.2,5011.2,0.0,0.0,5011.2,0.0
6962,1,5813.5,5813.5,5813.5,0.0,0.0,5813.5,0.0
5158,1,5237.0,5237.0,5237.0,0.0,0.0,5237.0,0.0
6464,1,2062.0,2062.0,2062.0,0.0,0.0,2062.0,0.0
5172,4,8532.0,2133.0,4351.0,1930.0,4351.0,1416.0,835.0
5582,5,11994.0,2398.8,8143.0,8143.0,226.0,3438.0,187.0
6136,2,13662.0,6831.0,11314.0,11314.0,0.0,2348.0,0.0
6235,2,15964.0,7982.0,10608.0,10608.0,0.0,5356.0,0.0
6508,4,9666.8,2416.7,6901.0,6901.0,228.0,2306.8,231.0
4968,4,9666.8,2416.7,6901.0,6901.0,228.0,2306.8,231.0
6632,2,10178.0,5089.0,7158.0,7158.0,0.0,3020.0,0.0
7195,2,10794.0,5397.0,7066.0,3728.0,0.0,7066.0,0.0
5525,3,13533.2,4511.066666666667,6206.0,6206.0,0.0,2608.2,4719.0
6320,2,17353.0,8676.5,8747.0,8606.0,0.0,8747.0,0.0
6766,2,10195.0,5097.5,7097.0,7097.0,0.0,3098.0,0.0
6872,3,6141.0,2047.0,3193.0,1784.0,0.0,3193.0,1164.0
5906,2,12732.5,6366.25,10479.0,10479.0,0.0,2253.5,0.0
7172,3,7462.0,2487.3333333333335,3810.0,1290.0,0.0,3810.0,2362.0
6571,1,5836.0,5836.0,5836.0,0.0,0.0,5836.0,0.0
5616,2,9928.0,4964.0,5454.0,4474.0,0.0,5454.0,0.0
6312,4,3054.0,763.5,1514.0,1514.0,541.0,304.0,695.0
6470,5,10137.5,2027.5,5030.0,5030.0,16.0,4156.5,935.0
5147,2,3653.0,1826.5,3282.0,3282.0,0.0,371.0,0.0
5501,2,12748.0,6374.0,7067.0,7067.0,0.0,5681.0,0.0
6436,1,8253.2,8253.2,8253.2,0.0,0.0,8253.2,0.0
5699,1,7290.5,7290.5,7290.5,0.0,0.0,7290.5,0.0
5313,2,7510.0,3755.0,5710.0,5710.0,0.0,1800.0,0.0
6234,2,8950.0,4475.0,8521.0,8521.0,0.0,429.0,0.0
6569,1,3788.3,3788.3,3788.3,0.0,0.0,3788.3,0.0
7202,1,2931.0,2931.0,2931.0,0.0,0.0,2931.0,0.0
5683,1,2931.0,2931.0,2931.0,0.0,0.0,2931.0,0.0
5034,2,6935.0,3467.5,3803.0,3803.0,0.0,3132.0,0.0
5435,1,6556.3,6556.3,6556.3,0.0,0.0,6556.3,0.0
5815,2,18648.2,9324.1,14448.0,14448.0,0.0,4200.2,0.0
5589,3,22704.3,7568.099999999999,8125.3,6883.0,0.0,8125.3,7696.0
6746,1,3094.5,3094.5,3094.5,0.0,0.0,3094.5,0.0
6790,3,6007.0,2002.3333333333333,3171.0,166.0,0.0,3171.0,2670.0
6857,5,10735.0,2147.0,6869.0,6869.0,253.0,1450.0,2163.0
6450,4,17412.5,4353.125,11766.0,236.0,528.0,4882.5,11766.0
7221,5,13697.8,2739.56,4520.0,2596.0,3651.0,2540.8,4910.0
5527,2,13829.0,6914.5,11222.0,11222.0,0.0,2607.0,0.0
5620,1,2501.0,2501.0,2501.0,0.0,0.0,2501.0,0.0
6215,2,6325.0,3162.5,4685.0,4685.0,0.0,1640.0,0.0
7167,2,18551.7,9275.85,11053.0,11053.0,0.0,7498.7,0.0
5823,2,14668.7,7334.35,8753.0,8753.0,0.0,5915.7,0.0
6207,2,12922.8,6461.4,9846.0,9846.0,0.0,3076.8,0.0
6932,4,12519.0,3129.75,4704.0,4704.0,872.0,4698.0,2245.0
5669,1,1995.0,1995.0,1995.0,0.0,0.0,1995.0,0.0
5154,1,1812.3,1812.3,1812.3,0.0,0.0,1812.3,0.0
7168,2,9527.0,4763.5,5787.0,3740.0,0.0,5787.0,0.0
5585,1,7384.0,7384.0,7384.0,0.0,0.0,7384.0,0.0
7200,1,519.0,519.0,519.0,0.0,0.0,519.0,0.0
6539,2,5178.0,2589.0,4112.0,4112.0,0.0,1066.0,0.0
5774,4,17241.7,4310.425,10900.0,10900.0,2570.0,2693.7,1078.0
6357,4,4549.0,1137.25,1982.0,1982.0,815.0,1081.0,671.0
5042,1,6908.0,6908.0,6908.0,0.0,0.0,6908.0,0.0
5015,2,18040.0,9020.0,9112.0,8928.0,0.0,9112.0,0.0
5354,4,8227.0,2056.75,4847.0,3318.0,14.0,4847.0,48.0
6054,1,4897.0,4897.0,4897.0,0.0,0.0,4897.0,0.0
7295,1,4674.0,4674.0,4674.0,0.0,0.0,4674.0,0.0
5365,2,11365.0,5682.5,6844.0,6844.0,0.0,4521.0,0.0
6755,1,2845.0,2845.0,2845.0,0.0,0.0,2845.0,0.0
5991,1,6983.3,6983.3,6983.3,0.0,0.0,6983.3,0.0
7035,2,15005.2,7502.6,9151.0,9151.0,0.0,5854.2,0.0
5893,2,6950.5,3475.25,4556.0,4556.0,0.0,2394.5,0.0
7164,1,5204.2,5204.2,5204.2,0.0,0.0,5204.2,0.0
5304,2,21634.0,10817.0,14456.0,14456.0,0.0,7178.0,0.0
5561,3,21725.3,7241.766666666666,7656.0,6778.0,0.0,7291.3,7656.0
5520,3,9221.0,3073.6666666666665,4816.0,3743.0,0.0,4816.0,662.0
5241,2,11603.7,5801.85,6376.0,6376.0,0.0,5227.7,0.0
7096,2,17952.3,8976.15,14801.0,14801.0,0.0,3151.3,0.0
6078,2,13208.0,6604.0,9649.0,9649.0,0.0,3559.0,0.0
5046,2,8228.0,4114.0,4660.0,4660.0,0.0,3568.0,0.0
5334,3,11762.0,3920.6666666666665,8710.0,2329.0,0.0,8710.0,723.0
6969,2,6134.2,3067.1,3684.0,3684.0,0.0,2450.2,0.0
6821,3,14156.0,4718.666666666667,6707.0,3416.0,0.0,6707.0,4033.0
5760,3,13412.8,4470.933333333333,7824.0,3508.0,0.0,2080.8,7824.0
5614,1,4226.5,4226.5,4226.5,0.0,0.0,4226.5,0.0
7091,1,3151.3,3151.3,3151.3,0.0,0.0,3151.3,0.0
5698,3,8137.8,2712.6,4240.0,4240.0,0.0,2913.8,984.0
5169,4,12861.5,3215.375,4737.0,4737.0,632.0,4219.5,3273.0
7294,2,5325.0,2662.5,3693.0,3693.0,0.0,1632.0,0.0
5318,1,8033.2,8033.2,8033.2,0.0,0.0,8033.2,0.0
5368,1,1860.0,1860.0,1860.0,0.0,0.0,1860.0,0.0
6923,1,1860.0,1860.0,1860.0,0.0,0.0,1860.0,0.0
5463,2,7944.0,3972.0,6448.0,6448.0,0.0,1496.0,0.0
5265,1,2762.8,2762.8,2762.8,0.0,0.0,2762.8,0.0
6321,1,3207.8,3207.8,3207.8,0.0,0.0,3207.8,0.0
5226,5,18352.0,3670.4,8677.0,8677.0,2015.0,5154.0,2506.0
6868,1,3421.5,3421.5,3421.5,0.0,0.0,3421.5,0.0
4967,4,10305.5,2576.375,5307.5,2317.0,97.0,5307.5,2584.0
5293,2,16067.3,8033.65,12113.0,12113.0,0.0,3954.3,0.0
5865,2,18217.3,9108.65,12756.0,12756.0,0.0,5461.3,0.0
5841,2,10145.0,5072.5,6646.0,6646.0,0.0,3499.0,0.0
5526,4,5658.0,1414.5,3197.0,3197.0,461.0,1934.0,66.0
6852,4,9673.0,2418.25,9264.0,9264.0,56.0,334.0,19.0
6469,2,12245.5,6122.75,8089.0,8089.0,0.0,4156.5,0.0
6168,2,12876.0,6438.0,10120.0,10120.0,0.0,2756.0,0.0
7292,3,11923.8,3974.6,5290.8,3849.0,0.0,5290.8,2784.0
5036,1,1901.0,1901.0,1901.0,0.0,0.0,1901.0,0.0
5644,5,11745.7,2349.1400000000003,7668.7,3231.0,58.0,7668.7,788.0
6856,1,4537.3,4537.3,4537.3,0.0,0.0,4537.3,0.0
5428,1,6395.0,6395.0,6395.0,0.0,0.0,6395.0,0.0
5027,2,9682.5,4841.25,5212.0,5212.0,0.0,4470.5,0.0
4989,1,7348.0,7348.0,7348.0,0.0,0.0,7348.0,0.0
5221,1,4375.5,4375.5,4375.5,0.0,0.0,4375.5,0.0
6402,1,5811.7,5811.7,5811.7,0.0,0.0,5811.7,0.0
5346,1,2317.5,2317.5,2317.5,0.0,0.0,2317.5,0.0
6748,2,12934.0,6467.0,8919.0,8919.0,0.0,4015.0,0.0
