loan_id,amount,duration,payments,target
5314,96396.0,12,8033.0,1
5316,165960.0,36,4610.0,0
6863,127080.0,60,2118.0,0
5325,105804.0,36,2939.0,0
7240,274740.0,60,4579.0,0
6687,87840.0,24,3660.0,0
7284,52788.0,12,4399.0,0
6111,174744.0,24,7281.0,1
7235,154416.0,48,3217.0,0
5997,117024.0,24,4876.0,0
7121,21924.0,36,609.0,0
6077,79608.0,24,3317.0,0
6228,464520.0,60,7742.0,1
6356,95400.0,36,2650.0,0
5523,93888.0,36,2608.0,0
6456,47016.0,12,3918.0,0
7104,259740.0,60,4329.0,0
6820,38148.0,12,3179.0,0
6876,86616.0,12,7218.0,0
7097,75624.0,24,3151.0,1
4959,80952.0,24,3373.0,0
6499,80952.0,24,3373.0,0
5479,24516.0,12,2043.0,0
5170,253200.0,60,4220.0,0
6721,21072.0,24,878.0,0
7259,108144.0,36,3004.0,0
5285,78936.0,12,6578.0,0
5189,149040.0,48,3105.0,0
6650,49320.0,12,4110.0,1
7226,197748.0,36,5493.0,0
6087,300660.0,60,5011.0,0
7262,182628.0,36,5073.0,0
5519,91632.0,12,7636.0,0
6577,51696.0,24,2154.0,0
6509,55368.0,24,2307.0,0
6520,91200.0,24,3800.0,0
6699,7656.0,24,319.0,0
6336,212400.0,36,5900.0,0
7055,167100.0,60,2785.0,0
6103,149340.0,60,2489.0,0
6202,65184.0,12,5432.0,0
7066,215388.0,36,5983.0,1
6696,89040.0,60,1484.0,0
6072,193968.0,36,5388.0,0
5130,24312.0,12,2026.0,0
5568,272520.0,60,4542.0,0
6678,80340.0,12,6695.0,0
6998,97632.0,12,8136.0,0
6580,196080.0,48,4085.0,0
6316,76908.0,12,6409.0,1
6512,63312.0,48,1319.0,0
6407,25944.0,24,1081.0,0
5002,104808.0,12,8734.0,0
6647,208320.0,48,4340.0,0
7137,151560.0,24,6315.0,0
6903,52128.0,24,2172.0,0
5918,300204.0,36,8339.0,0
6642,77640.0,12,6470.0,0
6210,87216.0,48,1817.0,1
6279,87360.0,24,3640.0,0
7249,69360.0,48,1445.0,0
6736,288360.0,60,4806.0,0
6112,174744.0,24,7281.0,1
5319,239460.0,60,3991.0,0
6596,91584.0,24,3816.0,0
5837,244560.0,60,4076.0,0
5657,4980.0,12,415.0,0
5533,111384.0,24,4641.0,0
6232,276660.0,36,7685.0,1
6888,39576.0,12,3298.0,0
6066,173808.0,24,7242.0,0
5549,50460.0,60,841.0,0
5060,252060.0,60,4201.0,1
6004,143904.0,24,5996.0,0
5126,208128.0,48,4336.0,1
7220,131292.0,36,3647.0,0
6668,74736.0,36,2076.0,0
5395,299088.0,36,8308.0,1
6836,189300.0,60,3155.0,0
6064,14628.0,12,1219.0,0
6919,120888.0,36,3358.0,0
6841,172080.0,48,3585.0,0
6038,323472.0,48,6739.0,0
6729,74688.0,12,6224.0,0
7198,45768.0,12,3814.0,0
6686,224604.0,36,6239.0,0
5836,79632.0,24,3318.0,0
7061,121896.0,24,5079.0,0
5595,82896.0,12,6908.0,0
5723,23628.0,12,1969.0,0
6120,209184.0,48,4358.0,0
6895,41904.0,12,3492.0,0
5882,87816.0,12,7318.0,0
5754,23052.0,12,1921.0,0
6594,189696.0,24,7904.0,1
6738,230220.0,36,6395.0,1
6624,71460.0,12,5955.0,0
6216,141240.0,24,5885.0,0
6229,11736.0,24,489.0,0
5887,192744.0,36,5354.0,0
6808,227880.0,36,6330.0,0
6297,17508.0,12,1459.0,0
5161,98184.0,24,4091.0,0
5390,170256.0,24,7094.0,0
6150,83016.0,12,6918.0,0
6223,61056.0,48,1272.0,0
5032,123696.0,48,2577.0,0
6253,59760.0,24,2490.0,0
6460,48672.0,36,1352.0,0
6645,140400.0,36,3900.0,0
5176,192552.0,24,8023.0,1
5269,164052.0,36,4557.0,1
5351,205200.0,36,5700.0,0
5861,51408.0,24,2142.0,0
5450,199680.0,60,3328.0,0
7142,482940.0,60,8049.0,1
6306,36684.0,12,3057.0,0
6272,398640.0,60,6644.0,0
5044,100980.0,60,1683.0,0
5576,31248.0,12,2604.0,0
7192,115992.0,36,3222.0,0
5739,76380.0,12,6365.0,0
6526,288468.0,36,8013.0,0
5624,177744.0,48,3703.0,1
6244,270648.0,36,7518.0,1
5131,48624.0,24,2026.0,0
6960,76416.0,24,3184.0,0
6358,137880.0,60,2298.0,1
5418,347952.0,48,7249.0,0
6598,68112.0,12,5676.0,0
5464,95808.0,12,7984.0,0
6591,20832.0,48,434.0,0
5724,316140.0,60,5269.0,1
6315,43164.0,12,3597.0,0
5876,221280.0,48,4610.0,0
6986,151728.0,48,3161.0,1
6294,79920.0,60,1332.0,0
5132,538500.0,60,8975.0,0
5877,97224.0,24,4051.0,0
6227,28248.0,24,1177.0,0
7241,168984.0,24,7041.0,1
6737,76680.0,24,3195.0,0
7004,331560.0,60,5526.0,0
6169,103680.0,60,1728.0,1
5208,99696.0,48,2077.0,1
6694,134784.0,24,5616.0,0
5599,15420.0,12,1285.0,0
6546,31728.0,24,1322.0,0
5414,185952.0,48,3874.0,0
5453,156672.0,36,4352.0,0
5740,18564.0,12,1547.0,0
5804,158976.0,48,3312.0,0
6745,47304.0,24,1971.0,0
6950,104712.0,24,4363.0,0
6996,126600.0,24,5275.0,0
5352,68400.0,12,5700.0,1
6151,225420.0,60,3757.0,0
5310,248148.0,36,6893.0,0
5045,187224.0,24,7801.0,1
6929,36396.0,12,3033.0,0
5151,189060.0,60,3151.0,0
5212,71064.0,36,1974.0,0
5138,87216.0,48,1817.0,0
5713,158760.0,60,2646.0,0
6704,417060.0,60,6951.0,0
6474,63360.0,60,1056.0,0
6676,29784.0,24,1241.0,0
6965,139536.0,24,5814.0,0
6725,265320.0,36,7370.0,0
7166,198240.0,24,8260.0,0
7138,60000.0,60,1000.0,0
5970,465072.0,48,9689.0,0
6157,98592.0,24,4108.0,0
6153,285600.0,60,4760.0,0
5693,44088.0,24,1837.0,0
5922,20220.0,12,1685.0,0
5959,107640.0,24,4485.0,0
5980,21396.0,12,1783.0,0
6764,33984.0,48,708.0,0
5237,45336.0,24,1889.0,0
6726,85860.0,60,1431.0,0
6933,188688.0,48,3931.0,0
5145,309552.0,48,6449.0,0
7008,36168.0,12,3014.0,0
7227,314520.0,60,5242.0,0
6600,21852.0,36,607.0,0
6712,266220.0,60,4437.0,0
7057,231696.0,36,6436.0,0
7176,260028.0,36,7223.0,0
7304,419880.0,60,6998.0,0
6362,37908.0,12,3159.0,0
5880,73836.0,36,2051.0,0
6535,41952.0,12,3496.0,0
5449,99336.0,24,4139.0,0
6342,60156.0,36,1671.0,1
5409,182040.0,60,3034.0,0
6955,244368.0,48,5091.0,0
6985,113796.0,36,3161.0,0
5125,73056.0,48,1522.0,0
5805,137904.0,24,5746.0,1
6185,31176.0,24,1299.0,0
7243,217152.0,36,6032.0,0
6403,194880.0,48,4060.0,0
6578,27984.0,12,2332.0,0
5413,92976.0,24,3874.0,0
6949,104712.0,24,4363.0,0
6545,191880.0,60,3198.0,0
6178,232560.0,48,4845.0,0
5160,204000.0,60,3400.0,0
6785,125340.0,60,2089.0,0
6540,309600.0,48,6450.0,0
6589,189696.0,24,7904.0,0
5900,135360.0,48,2820.0,0
5999,98832.0,48,2059.0,0
6043,20352.0,48,424.0,0
5482,165120.0,60,2752.0,0
7263,89880.0,24,3745.0,0
6013,128988.0,36,3583.0,1
5750,63252.0,12,5271.0,0
6027,61656.0,24,2569.0,1
6303,72408.0,24,3017.0,1
7213,113544.0,36,3154.0,0
6659,56100.0,60,935.0,0
6175,290700.0,60,4845.0,1
5610,123216.0,48,2567.0,0
5563,380160.0,60,6336.0,0
5989,213300.0,36,5925.0,0
6698,247728.0,48,5161.0,0
5312,202788.0,36,5633.0,0
7189,154656.0,48,3222.0,0
6816,100224.0,48,2088.0,1
6137,44628.0,12,3719.0,0
5128,215616.0,48,4492.0,1
5470,200976.0,48,4187.0,0
5593,277884.0,36,7719.0,1
5350,249312.0,48,5194.0,0
6063,320976.0,48,6687.0,1
6501,30276.0,12,2523.0,1
5452,49440.0,60,824.0,0
4961,30276.0,12,2523.0,1
4973,165960.0,24,6915.0,0
6190,123600.0,60,2060.0,0
6715,220620.0,60,3677.0,0
5892,66480.0,24,2770.0,1
6550,320592.0,48,6679.0,0
5706,161496.0,36,4486.0,0
5148,284280.0,60,4738.0,0
6734,173016.0,36,4806.0,0
6109,368880.0,60,6148.0,0
6961,176148.0,36,4893.0,0
6810,186384.0,48,3883.0,0
5494,360000.0,48,7500.0,0
5311,30060.0,60,501.0,0
5445,46320.0,24,1930.0,0
5301,141948.0,36,3943.0,0
7034,19044.0,36,529.0,0
6751,85716.0,36,2381.0,0
6667,155880.0,24,6495.0,0
6130,32640.0,48,680.0,0
5429,20196.0,36,561.0,0
5725,444864.0,48,9268.0,0
6019,11400.0,12,950.0,0
6421,96768.0,36,2688.0,0
6992,133968.0,48,2791.0,0
5136,187104.0,24,7796.0,0
5337,162468.0,36,4513.0,0
5495,89340.0,60,1489.0,0
7013,89340.0,60,1489.0,0
6012,258444.0,36,7179.0,0
6471,155640.0,24,6485.0,0
6296,270384.0,48,5633.0,0
7305,54024.0,12,4502.0,0
6144,44376.0,12,3698.0,0
6283,85632.0,48,1784.0,0
7246,148920.0,60,2482.0,0
5088,91152.0,24,3798.0,0
5988,141648.0,24,5902.0,0
5282,388512.0,48,8094.0,1
5938,402000.0,60,6700.0,0
5606,253512.0,36,7042.0,1
5385,71460.0,36,1985.0,0
6865,29448.0,12,2454.0,1
5586,48744.0,36,1354.0,0
6302,181020.0,60,3017.0,0
7194,68832.0,36,1912.0,0
6461,74124.0,36,2059.0,0
6732,174048.0,48,3626.0,0
6613,84120.0,24,3505.0,0
7036,194940.0,36,5415.0,0
5897,15192.0,24,633.0,0
6995,96168.0,12,8014.0,0
5415,139464.0,36,3874.0,1
7136,54396.0,36,1511.0,0
7271,392460.0,60,6541.0,0
5375,101520.0,12,8460.0,0
5635,77184.0,36,2144.0,0
6817,70656.0,48,1472.0,0
5923,64656.0,48,1347.0,0
5329,396120.0,60,6602.0,0
6644,93600.0,24,3900.0,0
6354,22968.0,36,638.0,0
5082,262980.0,60,4383.0,0
6585,372120.0,60,6202.0,0
6921,86184.0,12,7182.0,0
5366,86184.0,12,7182.0,0
5886,192744.0,36,5354.0,0
5741,68544.0,24,2856.0,0
4996,88440.0,12,7370.0,0
6015,110112.0,24,4588.0,0
6309,110136.0,24,4589.0,0
6073,276300.0,60,4605.0,0
6006,359760.0,60,5996.0,0
5611,321180.0,60,5353.0,0
6944,46176.0,48,962.0,0
7101,421008.0,48,8771.0,0
6599,72120.0,12,6010.0,0
6940,228276.0,36,6341.0,0
5209,182640.0,48,3805.0,0
5388,61560.0,12,5130.0,0
6011,179328.0,48,3736.0,0
5591,155616.0,48,3242.0,0
7154,417600.0,60,6960.0,0
7130,123408.0,24,5142.0,0
6818,155616.0,48,3242.0,0
5625,222180.0,60,3703.0,1
6805,45024.0,48,938.0,0
7233,115812.0,36,3217.0,0
7308,129408.0,24,5392.0,0
5895,93960.0,60,1566.0,0
7122,260640.0,36,7240.0,1
6173,232560.0,48,4845.0,0
6142,221880.0,60,3698.0,0
5358,38520.0,12,3210.0,0
6095,68340.0,60,1139.0,0
6878,23184.0,12,1932.0,0
6554,390096.0,48,8127.0,0
6793,186300.0,60,3105.0,0
7286,67320.0,36,1870.0,0
6076,117420.0,60,1957.0,0
5134,53076.0,12,4423.0,0
5419,415800.0,60,6930.0,0
6255,247920.0,48,5165.0,1
5656,146064.0,24,6086.0,0
6934,116832.0,12,9736.0,0
6028,317520.0,60,5292.0,0
6490,73260.0,60,1221.0,0
6415,475680.0,48,9910.0,0
7087,44304.0,24,1846.0,0
5420,72504.0,24,3021.0,0
5977,59136.0,48,1232.0,0
6824,71976.0,24,2999.0,1
5207,35904.0,48,748.0,0
7115,88704.0,48,1848.0,0
7250,119136.0,48,2482.0,0
6010,150180.0,60,2503.0,0
6088,90180.0,36,2505.0,0
5682,67464.0,12,5622.0,0
7201,67464.0,12,5622.0,0
6938,341280.0,60,5688.0,0
6875,83280.0,48,1735.0,0
5953,97176.0,24,4049.0,0
5942,162624.0,48,3388.0,0
5382,22932.0,36,637.0,0
6377,17184.0,12,1432.0,0
5931,66696.0,24,2779.0,1
5992,76080.0,12,6340.0,0
5790,84288.0,48,1756.0,0
6753,67980.0,12,5665.0,0
6562,94488.0,24,3937.0,0
7046,91632.0,12,7636.0,0
5868,90156.0,12,7513.0,0
5784,84600.0,36,2350.0,1
5878,74040.0,12,6170.0,0
5110,102240.0,60,1704.0,0
5210,148140.0,36,4115.0,0
7230,18720.0,60,312.0,0
5005,27456.0,12,2288.0,0
6871,164256.0,48,3422.0,0
5363,293880.0,60,4898.0,1
7253,98304.0,12,8192.0,0
6055,399120.0,60,6652.0,0
5072,196800.0,24,8200.0,1
6913,99936.0,24,4164.0,0
6386,124344.0,36,3454.0,0
5634,39024.0,12,3252.0,0
5758,307200.0,60,5120.0,1
6819,50112.0,24,2088.0,0
7088,239160.0,60,3986.0,0
5039,66840.0,24,2785.0,0
5532,335280.0,48,6985.0,0
6037,53232.0,48,1109.0,0
6322,76992.0,24,3208.0,0
6887,39576.0,12,3298.0,0
6660,220428.0,36,6123.0,0
5451,159744.0,48,3328.0,0
6014,165168.0,36,4588.0,0
5556,268320.0,60,4472.0,0
6346,100260.0,60,1671.0,0
5850,164196.0,36,4561.0,0
5940,106944.0,24,4456.0,0
7119,86880.0,12,7240.0,0
5253,100080.0,48,2085.0,0
6851,272220.0,60,4537.0,1
6695,309660.0,60,5161.0,0
6908,188616.0,24,7859.0,0
7255,213300.0,60,3555.0,0
5674,207264.0,48,4318.0,0
6278,87360.0,24,3640.0,0
5486,466608.0,48,9721.0,0
5174,385104.0,48,8023.0,0
6621,42900.0,12,3575.0,0
6313,150912.0,36,4192.0,0
6435,288720.0,48,6015.0,0
6970,31620.0,60,527.0,0
6310,34572.0,12,2881.0,0
5932,33348.0,12,2779.0,0
6877,285240.0,60,4754.0,0
6763,88272.0,48,1839.0,0
7085,305424.0,48,6363.0,0
7049,233424.0,36,6484.0,0
6959,59448.0,24,2477.0,1
5214,74772.0,36,2077.0,0
6350,294384.0,48,6133.0,0
5063,357840.0,48,7455.0,1
5041,369000.0,60,6150.0,0
5086,210384.0,48,4383.0,0
6942,18324.0,12,1527.0,0
5270,191088.0,48,3981.0,0
6705,333648.0,48,6951.0,1
7051,77808.0,12,6484.0,0
6758,33144.0,12,2762.0,0
6249,67608.0,24,2817.0,0
5808,41856.0,48,872.0,0
5377,92400.0,12,7700.0,0
5446,48312.0,24,2013.0,0
5856,51360.0,12,4280.0,1
4986,102876.0,12,8573.0,0
7001,300600.0,60,5010.0,0
6677,97980.0,60,1633.0,0
6665,99300.0,60,1655.0,0
5817,100800.0,24,4200.0,1
6984,116040.0,60,1934.0,0
6541,153504.0,48,3198.0,0
5117,76944.0,12,6412.0,0
6097,202848.0,48,4226.0,0
5389,78600.0,24,3275.0,0
7219,57120.0,48,1190.0,0
6338,390660.0,60,6511.0,0
6922,83628.0,36,2323.0,0
5367,83628.0,36,2323.0,0
5638,68124.0,12,5677.0,0
5830,405780.0,60,6763.0,0
5338,57360.0,12,4780.0,1
6007,289920.0,48,6040.0,0
6612,97392.0,12,8116.0,0
5718,14028.0,12,1169.0,0
6104,158184.0,36,4394.0,0
5229,23520.0,12,1960.0,0
6625,473280.0,60,7888.0,1
5206,128544.0,24,5356.0,0
5963,204780.0,60,3413.0,0
4990,162576.0,36,4516.0,0
6641,128268.0,36,3563.0,0
5369,214596.0,36,5961.0,0
6196,177804.0,36,4939.0,0
5236,389136.0,48,8107.0,0
5719,271584.0,48,5658.0,0
5643,94512.0,12,7876.0,1
7050,311232.0,48,6484.0,0
6355,127200.0,48,2650.0,0
6688,8616.0,24,359.0,0
6239,360864.0,48,7518.0,1
5531,66432.0,24,2768.0,0
6113,78696.0,36,2186.0,0
7181,197808.0,24,8242.0,0
6118,349392.0,48,7279.0,0
7264,44940.0,12,3745.0,0
5343,44952.0,24,1873.0,0
5051,230400.0,60,3840.0,0
5779,107352.0,36,2982.0,0
6605,79344.0,48,1653.0,0
6655,260400.0,60,4340.0,1
6534,590820.0,60,9847.0,0
5681,68664.0,24,2861.0,0
6607,153144.0,36,4254.0,0
6242,26208.0,36,728.0,0
7242,48096.0,24,2004.0,0
7277,89280.0,12,7440.0,0
6675,238716.0,36,6631.0,0
5398,53472.0,12,4456.0,0
5956,168264.0,36,4674.0,0
5731,460980.0,60,7683.0,1
6956,59448.0,24,2477.0,0
6437,63972.0,36,1777.0,1
5447,541200.0,60,9020.0,1
5973,219456.0,48,4572.0,0
6075,129312.0,24,5388.0,1
5281,194256.0,24,8094.0,0
5103,12540.0,12,1045.0,0
6468,203940.0,60,3399.0,0
7209,385560.0,60,6426.0,1
5584,24792.0,24,1033.0,0
4988,265320.0,36,7370.0,1
6502,30276.0,12,2523.0,0
5651,19248.0,12,1604.0,0
4962,30276.0,12,2523.0,0
5862,100128.0,24,4172.0,0
7199,45768.0,12,3814.0,0
6727,42840.0,12,3570.0,0
7279,155760.0,24,6490.0,0
6544,130464.0,48,2718.0,0
5933,87528.0,24,3647.0,0
6574,77544.0,36,2154.0,0
6399,49320.0,36,1370.0,0
7187,24180.0,60,403.0,0
6353,116496.0,24,4854.0,0
5043,468060.0,60,7801.0,0
5469,293160.0,60,4886.0,0
5976,465504.0,48,9698.0,1
6059,79824.0,12,6652.0,0
5799,106128.0,36,2948.0,0
6147,177504.0,48,3698.0,0
6254,247920.0,48,5165.0,0
7100,348120.0,60,5802.0,0
7147,267600.0,48,5575.0,0
5909,61320.0,60,1022.0,0
7037,218064.0,48,4543.0,0
5782,63576.0,12,5298.0,0
6237,407952.0,48,8499.0,1
6552,170448.0,48,3551.0,0
7067,136368.0,24,5682.0,0
5320,143676.0,36,3991.0,0
5930,66696.0,24,2779.0,0
6486,152160.0,60,2536.0,0
5245,125472.0,24,5228.0,0
6643,35856.0,24,1494.0,0
5260,123300.0,36,3425.0,0
5569,504000.0,60,8400.0,0
7110,31260.0,12,2605.0,0
7139,23412.0,12,1951.0,0
6791,566640.0,60,9444.0,0
5360,176328.0,36,4898.0,0
5287,64224.0,24,2676.0,0
6553,42384.0,12,3532.0,0
7072,22104.0,12,1842.0,0
6044,57060.0,12,4755.0,0
5332,37944.0,36,1054.0,0
6866,122472.0,24,5103.0,0
6633,160656.0,24,6694.0,0
6926,374760.0,60,6246.0,0
6442,194160.0,48,4045.0,0
5889,321240.0,60,5354.0,0
5765,153936.0,24,6414.0,0
5124,156096.0,36,4336.0,0
5491,428784.0,48,8933.0,0
6730,93036.0,12,7753.0,0
7151,133800.0,24,5575.0,0
5140,178500.0,60,2975.0,0
7171,196224.0,48,4088.0,0
6568,220440.0,60,3674.0,0
6861,215040.0,60,3584.0,0
6855,52236.0,36,1451.0,0
7129,194280.0,60,3238.0,0
5384,23328.0,12,1944.0,0
6859,272220.0,60,4537.0,0
5772,334620.0,60,5577.0,0
5665,40632.0,12,3386.0,0
6495,49044.0,12,4087.0,0
5061,84288.0,48,1756.0,0
6948,157068.0,36,4363.0,0
5773,133848.0,24,5577.0,0
6052,22356.0,36,621.0,0
6682,36204.0,12,3017.0,1
6083,240528.0,48,5011.0,0
6962,279072.0,48,5814.0,0
5158,188532.0,36,5237.0,0
6464,49488.0,24,2062.0,0
5172,50976.0,36,1416.0,0
5582,41256.0,12,3438.0,0
6136,140880.0,60,2348.0,0
6235,321360.0,60,5356.0,0
6508,110736.0,48,2307.0,0
4968,110736.0,48,2307.0,0
6632,144960.0,48,3020.0,0
7195,339168.0,48,7066.0,0
5525,93888.0,36,2608.0,0
6320,104964.0,12,8747.0,0
6766,74352.0,24,3098.0,0
6872,191580.0,60,3193.0,0
5906,81144.0,36,2254.0,0
7172,45720.0,12,3810.0,0
6571,140064.0,24,5836.0,0
5616,130896.0,24,5454.0,0
6312,10944.0,36,304.0,0
6470,49872.0,12,4156.0,0
5147,22260.0,60,371.0,0
5501,136344.0,24,5681.0,0
6436,495180.0,60,8253.0,0
5699,174960.0,24,7290.0,0
5313,43200.0,24,1800.0,0
6234,5148.0,12,429.0,0
6569,45456.0,12,3788.0,0
7202,140688.0,48,2931.0,0
5683,140688.0,48,2931.0,0
5034,112752.0,36,3132.0,0
5435,314688.0,48,6556.0,0
5815,151200.0,36,4200.0,0
5589,390000.0,48,8125.0,0
6746,185640.0,60,3094.0,0
6790,76104.0,24,3171.0,0
6857,69600.0,48,1450.0,0
6450,234336.0,48,4882.0,0
7221,152460.0,60,2541.0,0
5527,156420.0,60,2607.0,0
5620,30012.0,12,2501.0,0
6215,78720.0,48,1640.0,0
7167,269964.0,36,7499.0,0
5823,212976.0,36,5916.0,0
6207,184620.0,60,3077.0,0
6932,225504.0,48,4698.0,0
5669,71820.0,36,1995.0,0
5154,108720.0,60,1812.0,0
7168,208332.0,36,5787.0,0
5585,88608.0,12,7384.0,0
7200,31140.0,60,519.0,0
6539,12792.0,12,1066.0,0
5774,96984.0,36,2694.0,0
6357,64860.0,60,1081.0,0
5042,331584.0,48,6908.0,0
5015,109344.0,12,9112.0,0
5354,290820.0,60,4847.0,0
6054,58764.0,12,4897.0,0
7295,280440.0,60,4674.0,0
5365,271260.0,60,4521.0,0
6755,170700.0,60,2845.0,0
5991,335184.0,48,6983.0,1
7035,210744.0,36,5854.0,0
5893,86184.0,36,2394.0,0
7164,249792.0,48,5204.0,0
5304,172272.0,24,7178.0,0
5561,437460.0,60,7291.0,0
5520,231168.0,48,4816.0,0
5241,125472.0,24,5228.0,0
7096,37812.0,12,3151.0,0
6078,170832.0,48,3559.0,0
5046,42816.0,12,3568.0,0
5334,209040.0,24,8710.0,0
6969,88200.0,36,2450.0,0
6821,321936.0,48,6707.0,0
5760,74916.0,36,2081.0,0
5614,253560.0,60,4226.0,0
7091,113436.0,36,3151.0,0
5698,174840.0,60,2914.0,0
5169,253200.0,60,4220.0,0
7294,39168.0,24,1632.0,0
5318,385584.0,48,8033.0,0
5368,44640.0,24,1860.0,0
6923,44640.0,24,1860.0,0
5463,17952.0,12,1496.0,0
5265,165780.0,60,2763.0,0
6321,38496.0,12,3208.0,0
5226,185544.0,36,5154.0,0
6868,82128.0,24,3422.0,0
4967,318480.0,60,5308.0,1
5293,189792.0,48,3954.0,0
5865,327660.0,60,5461.0,0
5841,41988.0,12,3499.0,0
5526,69624.0,36,1934.0,0
6852,16032.0,48,334.0,0
6469,99744.0,24,4156.0,0
6168,99216.0,36,2756.0,0
7292,317460.0,60,5291.0,0
5036,91248.0,48,1901.0,0
5644,276084.0,36,7669.0,0
6856,163332.0,36,4537.0,0
5428,230220.0,36,6395.0,0
5027,160920.0,36,4470.0,0
4989,352704.0,48,7348.0,0
5221,52512.0,12,4376.0,0
6402,139488.0,24,5812.0,0
5346,55632.0,24,2318.0,0
6748,240900.0,60,4015.0,0
