loan_id,has_co_signer
5314,0
5316,0
6863,0
5325,0
7240,0
6687,1
7284,0
6111,0
7235,0
5997,0
7121,1
6077,0
6228,0
6356,0
5523,0
6456,0
7104,0
6820,0
6876,0
7097,0
4959,1
6499,1
5479,0
5170,0
6721,0
7259,1
5285,0
5189,0
6650,0
7226,1
6087,0
7262,0
5519,1
6577,0
6509,0
6520,1
6699,1
6336,0
7055,1
6103,0
6202,0
7066,0
6696,1
6072,0
5130,0
5568,1
6678,1
6998,0
6580,0
6316,0
6512,0
6407,0
5002,1
6647,1
7137,0
6903,0
5918,0
6642,0
6210,0
6279,0
7249,0
6736,0
6112,0
5319,0
6596,0
5837,0
5657,0
5533,0
6232,0
6888,0
6066,1
5549,0
5060,0
6004,0
5126,0
7220,0
6668,0
5395,0
6836,0
6064,0
6919,0
6841,0
6038,0
6729,1
7198,0
6686,1
5836,0
7061,0
5595,1
5723,0
6120,0
6895,0
5882,1
5754,1
6594,0
6738,0
6624,1
6216,0
6229,0
5887,1
6808,1
6297,0
5161,0
5390,0
6150,0
6223,0
5032,0
6253,1
6460,1
6645,0
5176,0
5269,0
5351,0
5861,0
5450,0
7142,0
6306,0
6272,0
5044,0
5576,0
7192,0
5739,0
6526,0
5624,0
6244,0
5131,0
6960,1
6358,0
5418,0
6598,0
5464,0
6591,0
5724,0
6315,0
5876,1
6986,0
6294,0
5132,0
5877,1
6227,0
7241,0
6737,1
7004,1
6169,0
5208,0
6694,0
5599,0
6546,1
5414,0
5453,0
5740,0
5804,0
6745,0
6950,0
6996,0
5352,0
6151,0
5310,0
5045,0
6929,0
5151,0
5212,0
5138,0
5713,0
6704,1
6474,1
6676,1
6965,0
6725,1
7166,0
7138,0
5970,1
6157,0
6153,1
5693,0
5922,0
5959,0
5980,1
6764,0
5237,0
6726,0
6933,0
5145,0
7008,0
7227,0
6600,0
6712,0
7057,1
7176,0
7304,1
6362,0
5880,0
6535,0
5449,0
6342,0
5409,1
6955,0
6985,1
5125,1
5805,0
6185,0
7243,0
6403,0
6578,0
5413,1
6949,1
6545,0
6178,0
5160,0
6785,0
6540,0
6589,1
5900,0
5999,0
6043,1
5482,1
7263,0
6013,0
5750,0
6027,0
6303,0
7213,0
6659,0
6175,0
5610,1
5563,0
5989,0
6698,0
5312,0
7189,0
6816,0
6137,0
5128,0
5470,0
5593,0
5350,0
6063,0
6501,0
5452,0
4961,0
4973,0
6190,1
6715,0
5892,0
6550,1
5706,0
5148,1
6734,0
6109,1
6961,0
6810,0
5494,0
5311,0
5445,0
5301,0
7034,0
6751,1
6667,1
6130,0
5429,0
5725,1
6019,0
6421,1
6992,1
5136,0
5337,1
5495,1
7013,1
6012,0
6471,0
6296,0
7305,0
6144,0
6283,0
7246,0
5088,0
5988,1
5282,0
5938,0
5606,0
5385,1
6865,0
5586,0
6302,1
7194,0
6461,0
6732,0
6613,0
7036,0
5897,0
6995,0
5415,0
7136,0
7271,1
5375,0
5635,0
6817,0
5923,1
5329,0
6644,0
6354,0
5082,0
6585,1
6921,0
5366,0
5886,1
5741,1
4996,1
6015,0
6309,0
6073,0
6006,0
5611,1
6944,0
7101,0
6599,1
6940,1
5209,0
5388,0
6011,0
5591,0
7154,0
7130,0
6818,1
5625,0
6805,0
7233,0
7308,0
5895,0
7122,0
6173,0
6142,1
5358,0
6095,0
6878,0
6554,1
6793,0
7286,0
6076,0
5134,0
5419,0
6255,0
5656,0
6934,1
6028,0
6490,0
6415,1
7087,0
5420,0
5977,0
6824,0
5207,0
7115,1
7250,0
6010,0
6088,0
5682,0
7201,0
6938,0
6875,0
5953,0
5942,0
5382,0
6377,0
5931,0
5992,0
5790,0
6753,0
6562,0
7046,1
5868,1
5784,0
5878,0
5110,1
5210,0
7230,1
5005,0
6871,1
5363,0
7253,0
6055,0
5072,0
6913,0
6386,0
5634,0
5758,0
6819,0
7088,0
5039,1
5532,0
6037,0
6322,0
6887,1
6660,0
5451,0
6014,1
5556,0
6346,0
5850,0
5940,0
7119,0
5253,0
6851,0
6695,1
6908,1
7255,0
5674,1
6278,0
5486,0
5174,0
6621,1
6313,1
6435,0
6970,0
6310,0
5932,0
6877,1
6763,0
7085,0
7049,0
6959,0
5214,0
6350,0
5063,0
5041,0
5086,0
6942,1
5270,0
6705,0
7051,1
6758,1
6249,1
5808,0
5377,0
5446,0
5856,0
4986,1
7001,0
6677,0
6665,0
5817,0
6984,1
6541,0
5117,0
6097,1
5389,0
7219,0
6338,0
6922,0
5367,0
5638,0
5830,0
5338,0
6007,0
6612,1
5718,0
6104,0
5229,1
6625,0
5206,0
5963,0
4990,0
6641,0
5369,1
6196,0
5236,0
5719,0
5643,0
7050,0
6355,0
6688,0
6239,0
5531,1
6113,0
7181,0
6118,0
7264,0
5343,0
5051,0
5779,0
6605,0
6655,0
6534,0
5681,1
6607,0
6242,0
7242,0
7277,0
6675,0
5398,1
5956,0
5731,0
6956,0
6437,0
5447,0
5973,1
6075,0
5281,0
5103,1
6468,0
7209,0
5584,0
4988,0
6502,0
5651,1
4962,0
5862,0
7199,1
6727,0
7279,0
6544,0
5933,1
6574,0
6399,0
7187,0
6353,0
5043,1
5469,0
5976,0
6059,0
5799,0
6147,0
6254,0
7100,0
7147,0
5909,0
7037,0
5782,0
6237,0
6552,1
7067,0
5320,0
5930,0
6486,1
5245,1
6643,0
5260,0
5569,0
7110,1
7139,1
6791,1
5360,1
5287,1
6553,0
7072,0
6044,0
5332,0
6866,0
6633,0
6926,1
6442,0
5889,0
5765,0
5124,0
5491,1
6730,0
7151,0
5140,0
7171,0
6568,0
6861,0
6855,1
7129,0
5384,1
6859,0
5772,1
5665,0
6495,0
5061,0
6948,0
5773,0
6052,0
6682,0
6083,0
6962,1
5158,0
6464,0
5172,0
5582,1
6136,0
6235,0
6508,0
4968,0
6632,0
7195,0
5525,1
6320,0
6766,0
6872,0
5906,0
7172,0
6571,0
5616,1
6312,0
6470,0
5147,0
5501,1
6436,0
5699,0
5313,0
6234,0
6569,0
7202,1
5683,1
5034,0
5435,0
5815,0
5589,0
6746,0
6790,1
6857,1
6450,0
7221,0
5527,0
5620,0
6215,0
7167,0
5823,1
6207,0
6932,0
5669,0
5154,0
7168,0
5585,1
7200,0
6539,0
5774,0
6357,0
5042,1
5015,0
5354,0
6054,1
7295,0
5365,0
6755,0
5991,0
7035,0
5893,0
7164,0
5304,0
5561,0
5520,0
5241,0
7096,0
6078,0
5046,1
5334,0
6969,1
6821,1
5760,0
5614,0
7091,0
5698,0
5169,0
7294,0
5318,1
5368,0
6923,0
5463,0
5265,0
6321,0
5226,0
6868,0
4967,0
5293,0
5865,0
5841,1
5526,0
6852,0
6469,0
6168,1
7292,0
5036,0
5644,0
6856,0
5428,0
5027,0
4989,0
5221,0
6402,0
5346,0
6748,0
